ML Model Name,Accuracy,AUC,Precision,Recall,F1,MCC
XGBoost,0.9221446933529196,0.9950034775094719,0.9365872356271016,0.9323648368368164,0.934392999618051,0.9058117278675782
Logistic Regression,0.9214102093279471,0.5,0.9353831528842956,0.9321485699031606,0.9335383155807854,0.9050454594545089
Random Forest,0.9210429673154609,0.9934028722699711,0.9353386871006648,0.9315431112820737,0.9333220625719558,0.9044987113834358
kNN,0.9188395152405435,0.5,0.9352307989171849,0.9305852066879433,0.9325226541414197,0.9019130224706429
Decision Tree,0.8920308483290489,0.9449962767874374,0.9075129410765322,0.9090279017305105,0.9080614184713196,0.8695693170006366
Naive Bayes (Gaussian),0.7638633859713552,0.9671931925614919,0.7744268089367277,0.7694169316992395,0.7677499871835359,0.7154063217966201
